inspection_id,line_id,inspection_date,campaign_number,measurement_point,method,measured_thickness_mm,nominal_thickness_mm,tmin_mm,remaining_thickness_pct,corrosion_loss_mm,pitting_detected,fitness_for_service,inspector_id,years_in_service
L-01-01-01,L-01,2015-03-10,1,TDC,UT straight beam,5.6,8.18,4.0,68.4,2.58,0,Pass,INS-20,10
L-01-01-02,L-01,2015-03-10,1,BDC,UT angle beam,5.56,8.18,4.0,67.9,2.62,0,Pass,INS-27,10
L-01-01-03,L-01,2015-03-10,1,3OC,UT straight beam,5.53,8.18,4.0,67.6,2.65,0,Pass,INS-10,10
L-01-01-04,L-01,2015-03-10,1,9OC,UT straight beam,5.22,8.18,4.0,63.9,2.96,1,Pass,INS-15,10
L-01-01-05,L-01,2015-03-10,1,45°,UT straight beam,5.64,8.18,4.0,69.0,2.54,0,Pass,INS-27,10
L-01-01-06,L-01,2015-03-10,1,135°,UT angle beam,5.64,8.18,4.0,69.0,2.54,0,Pass,INS-21,10
L-01-02-01,L-01,2017-09-15,2,TDC,UT angle beam,4.8,8.18,4.0,58.7,3.38,1,Pass,INS-29,12
L-01-02-02,L-01,2017-09-15,2,BDC,UT angle beam,4.46,8.18,4.0,54.5,3.72,1,Pass,INS-20,12
L-01-02-03,L-01,2017-09-15,2,3OC,UT straight beam,4.75,8.18,4.0,58.1,3.43,0,Pass,INS-13,12
L-01-02-04,L-01,2017-09-15,2,9OC,UT straight beam,4.52,8.18,4.0,55.2,3.66,1,Pass,INS-17,12
L-01-02-05,L-01,2017-09-15,2,45°,UT straight beam,4.94,8.18,4.0,60.4,3.24,0,Pass,INS-17,12
L-01-02-06,L-01,2017-09-15,2,135°,UT straight beam,4.63,8.18,4.0,56.5,3.55,0,Pass,INS-28,12
L-01-03-01,L-01,2019-04-20,3,TDC,PAUT,4.31,8.18,4.0,52.6,3.87,0,Pass,INS-19,14
L-01-03-02,L-01,2019-04-20,3,BDC,UT angle beam,4.44,8.18,4.0,54.3,3.74,0,Pass,INS-15,14
L-01-03-03,L-01,2019-04-20,3,3OC,UT straight beam,4.41,8.18,4.0,53.9,3.77,0,Pass,INS-10,14
L-01-03-04,L-01,2019-04-20,3,9OC,UT straight beam,4.16,8.18,4.0,50.9,4.02,1,Pass,INS-26,14
L-01-03-05,L-01,2019-04-20,3,45°,UT angle beam,3.87,8.18,4.0,47.3,4.31,1,Fail,INS-26,14
L-01-03-06,L-01,2019-04-20,3,135°,UT angle beam,4.12,8.18,4.0,50.3,4.06,0,Pass,INS-25,14
L-01-03-07,L-01,2019-04-20,3,225°,UT angle beam,4.09,8.18,4.0,50.0,4.09,0,Pass,INS-11,14
L-01-03-08,L-01,2019-04-20,3,315°,UT angle beam,3.93,8.18,4.0,48.1,4.25,0,Fail,INS-25,14
L-01-03-09,L-01,2019-04-20,3,Elbow-ext,UT straight beam,4.18,8.18,4.0,51.1,4.0,0,Pass,INS-27,14
L-01-04-01,L-01,2021-10-05,4,TDC,PAUT,3.5,8.18,4.0,42.8,4.68,0,Fail,INS-20,16
L-01-04-02,L-01,2021-10-05,4,BDC,UT angle beam,3.55,8.18,4.0,43.3,4.63,0,Fail,INS-17,16
L-01-04-03,L-01,2021-10-05,4,3OC,PAUT,3.72,8.18,4.0,45.5,4.46,0,Fail,INS-15,16
L-01-04-04,L-01,2021-10-05,4,9OC,UT angle beam,3.39,8.18,4.0,41.4,4.79,1,Fail,INS-22,16
L-01-04-05,L-01,2021-10-05,4,45°,UT angle beam,3.95,8.18,4.0,48.3,4.23,0,Fail,INS-15,16
L-01-04-06,L-01,2021-10-05,4,135°,UT straight beam,3.64,8.18,4.0,44.5,4.54,0,Fail,INS-22,16
L-01-04-07,L-01,2021-10-05,4,225°,UT angle beam,3.39,8.18,4.0,41.4,4.79,1,Fail,INS-10,16
L-01-04-08,L-01,2021-10-05,4,315°,PAUT,3.47,8.18,4.0,42.4,4.71,0,Fail,INS-13,16
L-01-04-09,L-01,2021-10-05,4,Elbow-ext,PAUT,3.71,8.18,4.0,45.4,4.47,0,Fail,INS-11,16
L-01-04-10,L-01,2021-10-05,4,Weld-HAZ,UT angle beam,3.58,8.18,4.0,43.8,4.6,0,Fail,INS-23,16
L-01-04-11,L-01,2021-10-05,4,Tee-branch,PAUT,3.68,8.18,4.0,45.0,4.5,1,Fail,INS-22,16
L-01-04-12,L-01,2021-10-05,4,TDC,PAUT,3.23,8.18,4.0,39.4,4.95,1,Fail,INS-25,16
L-02-01-01,L-02,2016-05-20,1,TDC,UT angle beam,3.17,5.49,2.8,57.7,2.32,0,Pass,INS-14,11
L-02-01-02,L-02,2016-05-20,1,BDC,UT angle beam,3.24,5.49,2.8,59.1,2.25,0,Pass,INS-10,11
L-02-01-03,L-02,2016-05-20,1,3OC,UT straight beam,3.07,5.49,2.8,55.9,2.42,0,Pass,INS-20,11
L-02-01-04,L-02,2016-05-20,1,9OC,UT straight beam,3.4,5.49,2.8,62.0,2.09,0,Pass,INS-25,11
L-02-01-05,L-02,2016-05-20,1,45°,UT straight beam,2.85,5.49,2.8,52.0,2.64,0,Pass,INS-18,11
L-02-01-06,L-02,2016-05-20,1,135°,UT straight beam,2.53,5.49,2.8,46.1,2.96,1,Fail,INS-22,11
L-02-01-07,L-02,2016-05-20,1,225°,UT straight beam,3.0,5.49,2.8,54.6,2.49,0,Pass,INS-18,11
L-02-01-08,L-02,2016-05-20,1,315°,UT straight beam,2.75,5.49,2.8,50.1,2.74,1,Fail,INS-28,11
L-02-01-09,L-02,2016-05-20,1,Elbow-ext,UT straight beam,2.83,5.49,2.8,51.6,2.66,1,Pass,INS-13,11
L-02-01-10,L-02,2016-05-20,1,Weld-HAZ,UT angle beam,2.97,5.49,2.8,54.1,2.52,0,Pass,INS-19,11
L-02-01-11,L-02,2016-05-20,1,Tee-branch,UT angle beam,2.99,5.49,2.8,54.5,2.5,0,Pass,INS-29,11
L-02-02-01,L-02,2018-11-08,2,TDC,UT straight beam,2.43,5.49,2.8,44.3,3.06,0,Fail,INS-16,13
L-02-02-02,L-02,2018-11-08,2,BDC,UT angle beam,2.76,5.49,2.8,50.3,2.73,0,Fail,INS-20,13
L-02-02-03,L-02,2018-11-08,2,3OC,UT straight beam,2.61,5.49,2.8,47.6,2.88,0,Fail,INS-29,13
L-02-02-04,L-02,2018-11-08,2,9OC,UT straight beam,2.64,5.49,2.8,48.1,2.85,0,Fail,INS-21,13
L-02-02-05,L-02,2018-11-08,2,45°,UT angle beam,2.62,5.49,2.8,47.7,2.87,0,Fail,INS-21,13
L-02-02-06,L-02,2018-11-08,2,135°,UT straight beam,2.67,5.49,2.8,48.6,2.82,0,Fail,INS-10,13
L-02-02-07,L-02,2018-11-08,2,225°,UT straight beam,2.5,5.49,2.8,45.4,2.99,0,Fail,INS-28,13
L-02-02-08,L-02,2018-11-08,2,315°,UT straight beam,2.39,5.49,2.8,43.5,3.1,1,Fail,INS-28,13
L-02-02-09,L-02,2018-11-08,2,Elbow-ext,UT angle beam,2.58,5.49,2.8,47.0,2.91,0,Fail,INS-13,13
L-02-03-01,L-02,2020-06-14,3,TDC,PAUT,2.29,5.49,2.8,41.8,3.2,0,Fail,INS-26,15
L-02-03-02,L-02,2020-06-14,3,BDC,PAUT,2.18,5.49,2.8,39.8,3.31,0,Fail,INS-28,15
L-02-03-03,L-02,2020-06-14,3,3OC,UT angle beam,2.12,5.49,2.8,38.6,3.37,1,Fail,INS-12,15
L-02-03-04,L-02,2020-06-14,3,9OC,UT angle beam,2.27,5.49,2.8,41.3,3.22,1,Fail,INS-22,15
L-02-03-05,L-02,2020-06-14,3,45°,UT angle beam,2.39,5.49,2.8,43.4,3.1,0,Fail,INS-16,15
L-02-03-06,L-02,2020-06-14,3,135°,UT straight beam,2.24,5.49,2.8,40.9,3.25,0,Fail,INS-25,15
L-02-03-07,L-02,2020-06-14,3,225°,PAUT,2.4,5.49,2.8,43.8,3.09,0,Fail,INS-18,15
L-02-03-08,L-02,2020-06-14,3,315°,PAUT,2.37,5.49,2.8,43.1,3.12,1,Fail,INS-26,15
L-02-04-01,L-02,2022-03-22,4,TDC,PAUT,2.41,5.49,2.8,44.0,3.08,0,Fail,INS-28,17
L-02-04-02,L-02,2022-03-22,4,BDC,UT angle beam,2.73,5.49,2.8,49.7,2.76,0,Fail,INS-23,17
L-02-04-03,L-02,2022-03-22,4,3OC,PAUT,2.15,5.49,2.8,39.1,3.34,1,Fail,INS-23,17
L-02-04-04,L-02,2022-03-22,4,9OC,UT straight beam,2.32,5.49,2.8,42.3,3.17,0,Fail,INS-21,17
L-02-04-05,L-02,2022-03-22,4,45°,UT angle beam,1.94,5.49,2.8,35.3,3.55,1,Fail,INS-12,17
L-02-04-06,L-02,2022-03-22,4,135°,UT angle beam,2.39,5.49,2.8,43.6,3.1,0,Fail,INS-18,17
L-02-04-07,L-02,2022-03-22,4,225°,PAUT,2.21,5.49,2.8,40.2,3.28,1,Fail,INS-18,17
L-02-04-08,L-02,2022-03-22,4,315°,UT angle beam,2.54,5.49,2.8,46.3,2.95,0,Fail,INS-12,17
L-02-04-09,L-02,2022-03-22,4,Elbow-ext,PAUT,2.41,5.49,2.8,43.9,3.08,0,Fail,INS-24,17
L-02-04-10,L-02,2022-03-22,4,Weld-HAZ,PAUT,2.02,5.49,2.8,36.7,3.47,1,Fail,INS-25,17
L-02-04-11,L-02,2022-03-22,4,Tee-branch,UT straight beam,2.05,5.49,2.8,37.3,3.44,0,Fail,INS-22,17
L-02-04-12,L-02,2022-03-22,4,TDC,PAUT,2.47,5.49,2.8,44.9,3.02,0,Fail,INS-15,17
L-03-01-01,L-03,2015-06-15,1,TDC,UT straight beam,3.67,7.11,3.5,51.6,3.44,0,Pass,INS-28,10
L-03-01-02,L-03,2015-06-15,1,BDC,UT angle beam,3.63,7.11,3.5,51.0,3.48,0,Pass,INS-10,10
L-03-01-03,L-03,2015-06-15,1,3OC,UT angle beam,3.06,7.11,3.5,43.1,4.05,1,Fail,INS-29,10
L-03-01-04,L-03,2015-06-15,1,9OC,UT angle beam,3.54,7.11,3.5,49.8,3.57,0,Pass,INS-20,10
L-03-01-05,L-03,2015-06-15,1,45°,UT straight beam,3.58,7.11,3.5,50.4,3.53,1,Pass,INS-29,10
L-03-01-06,L-03,2015-06-15,1,135°,UT straight beam,3.58,7.11,3.5,50.3,3.53,0,Pass,INS-24,10
L-03-01-07,L-03,2015-06-15,1,225°,UT angle beam,3.35,7.11,3.5,47.1,3.76,0,Fail,INS-17,10
L-03-01-08,L-03,2015-06-15,1,315°,UT angle beam,3.83,7.11,3.5,53.8,3.28,0,Pass,INS-12,10
L-03-01-09,L-03,2015-06-15,1,Elbow-ext,UT straight beam,3.39,7.11,3.5,47.7,3.72,1,Fail,INS-12,10
L-03-02-01,L-03,2017-12-10,2,TDC,UT angle beam,2.67,7.11,3.5,37.5,4.44,1,Fail,INS-11,12
L-03-02-02,L-03,2017-12-10,2,BDC,UT angle beam,2.97,7.11,3.5,41.7,4.14,0,Fail,INS-19,12
L-03-02-03,L-03,2017-12-10,2,3OC,UT straight beam,2.65,7.11,3.5,37.2,4.46,1,Fail,INS-24,12
L-03-02-04,L-03,2017-12-10,2,9OC,UT straight beam,3.13,7.11,3.5,44.0,3.98,0,Fail,INS-14,12
L-03-02-05,L-03,2017-12-10,2,45°,UT straight beam,3.03,7.11,3.5,42.7,4.08,0,Fail,INS-20,12
L-03-02-06,L-03,2017-12-10,2,135°,UT straight beam,2.85,7.11,3.5,40.2,4.26,0,Fail,INS-17,12
L-03-02-07,L-03,2017-12-10,2,225°,UT angle beam,2.81,7.11,3.5,39.5,4.3,0,Fail,INS-15,12
L-03-02-08,L-03,2017-12-10,2,315°,UT angle beam,2.81,7.11,3.5,39.6,4.3,0,Fail,INS-22,12
L-03-02-09,L-03,2017-12-10,2,Elbow-ext,UT straight beam,3.2,7.11,3.5,45.1,3.91,0,Fail,INS-14,12
L-03-03-01,L-03,2019-09-25,3,TDC,PAUT,3.01,7.11,3.5,42.3,4.1,0,Fail,INS-24,14
L-03-03-02,L-03,2019-09-25,3,BDC,PAUT,3.12,7.11,3.5,43.9,3.99,0,Fail,INS-14,14
L-03-03-03,L-03,2019-09-25,3,3OC,UT straight beam,2.95,7.11,3.5,41.5,4.16,0,Fail,INS-20,14
L-03-03-04,L-03,2019-09-25,3,9OC,UT angle beam,2.9,7.11,3.5,40.8,4.21,0,Fail,INS-11,14
L-03-03-05,L-03,2019-09-25,3,45°,PAUT,2.89,7.11,3.5,40.6,4.22,0,Fail,INS-24,14
L-03-03-06,L-03,2019-09-25,3,135°,UT angle beam,2.87,7.11,3.5,40.4,4.24,0,Fail,INS-13,14
L-03-03-07,L-03,2019-09-25,3,225°,PAUT,3.18,7.11,3.5,44.7,3.93,0,Fail,INS-23,14
L-03-03-08,L-03,2019-09-25,3,315°,UT angle beam,2.83,7.11,3.5,39.8,4.28,0,Fail,INS-29,14
L-03-03-09,L-03,2019-09-25,3,Elbow-ext,UT angle beam,3.03,7.11,3.5,42.6,4.08,0,Fail,INS-25,14
L-03-03-10,L-03,2019-09-25,3,Weld-HAZ,UT straight beam,3.08,7.11,3.5,43.3,4.03,0,Fail,INS-29,14
L-03-03-11,L-03,2019-09-25,3,Tee-branch,UT angle beam,3.01,7.11,3.5,42.3,4.1,0,Fail,INS-27,14
L-03-03-12,L-03,2019-09-25,3,TDC,UT angle beam,3.12,7.11,3.5,44.0,3.99,0,Fail,INS-11,14
L-03-04-01,L-03,2021-07-18,4,TDC,PAUT,2.74,7.11,3.5,38.5,4.37,0,Fail,INS-14,16
L-03-04-02,L-03,2021-07-18,4,BDC,PAUT,2.8,7.11,3.5,39.4,4.31,0,Fail,INS-29,16
L-03-04-03,L-03,2021-07-18,4,3OC,UT angle beam,2.96,7.11,3.5,41.6,4.15,1,Fail,INS-16,16
L-03-04-04,L-03,2021-07-18,4,9OC,UT straight beam,2.94,7.11,3.5,41.3,4.17,0,Fail,INS-24,16
L-03-04-05,L-03,2021-07-18,4,45°,PAUT,2.98,7.11,3.5,42.0,4.13,0,Fail,INS-29,16
L-03-04-06,L-03,2021-07-18,4,135°,PAUT,2.78,7.11,3.5,39.0,4.33,0,Fail,INS-29,16
L-03-04-07,L-03,2021-07-18,4,225°,UT straight beam,3.04,7.11,3.5,42.7,4.07,0,Fail,INS-23,16
L-03-04-08,L-03,2021-07-18,4,315°,UT angle beam,3.26,7.11,3.5,45.9,3.85,0,Fail,INS-27,16
L-03-04-09,L-03,2021-07-18,4,Elbow-ext,UT angle beam,2.5,7.11,3.5,35.2,4.61,1,Fail,INS-12,16
L-04-01-01,L-04,2017-04-08,1,TDC,UT straight beam,4.91,6.02,3.0,81.5,1.11,0,Pass,INS-18,9
L-04-01-02,L-04,2017-04-08,1,BDC,UT angle beam,5.05,6.02,3.0,83.9,0.97,0,Pass,INS-11,9
L-04-01-03,L-04,2017-04-08,1,3OC,UT angle beam,4.94,6.02,3.0,82.0,1.08,0,Pass,INS-19,9
L-04-01-04,L-04,2017-04-08,1,9OC,UT angle beam,4.85,6.02,3.0,80.6,1.17,0,Pass,INS-14,9
L-04-01-05,L-04,2017-04-08,1,45°,UT angle beam,4.71,6.02,3.0,78.2,1.31,1,Pass,INS-23,9
L-04-01-06,L-04,2017-04-08,1,135°,UT angle beam,4.9,6.02,3.0,81.3,1.12,0,Pass,INS-20,9
L-04-01-07,L-04,2017-04-08,1,225°,UT straight beam,4.86,6.02,3.0,80.7,1.16,0,Pass,INS-15,9
L-04-01-08,L-04,2017-04-08,1,315°,UT angle beam,4.98,6.02,3.0,82.7,1.04,0,Pass,INS-23,9
L-04-01-09,L-04,2017-04-08,1,Elbow-ext,UT straight beam,4.93,6.02,3.0,81.9,1.09,0,Pass,INS-21,9
L-04-01-10,L-04,2017-04-08,1,Weld-HAZ,UT angle beam,5.11,6.02,3.0,84.9,0.91,0,Pass,INS-16,9
L-04-02-01,L-04,2019-10-30,2,TDC,UT straight beam,4.86,6.02,3.0,80.8,1.16,0,Pass,INS-27,11
L-04-02-02,L-04,2019-10-30,2,BDC,UT straight beam,4.66,6.02,3.0,77.4,1.36,0,Pass,INS-17,11
L-04-02-03,L-04,2019-10-30,2,3OC,UT angle beam,4.49,6.02,3.0,74.5,1.53,1,Pass,INS-17,11
L-04-02-04,L-04,2019-10-30,2,9OC,UT angle beam,4.73,6.02,3.0,78.6,1.29,0,Pass,INS-21,11
L-04-02-05,L-04,2019-10-30,2,45°,UT angle beam,4.73,6.02,3.0,78.6,1.29,0,Pass,INS-19,11
L-04-02-06,L-04,2019-10-30,2,135°,UT angle beam,4.7,6.02,3.0,78.0,1.32,0,Pass,INS-19,11
L-04-02-07,L-04,2019-10-30,2,225°,UT straight beam,4.66,6.02,3.0,77.5,1.36,0,Pass,INS-16,11
L-04-02-08,L-04,2019-10-30,2,315°,UT straight beam,4.68,6.02,3.0,77.7,1.34,0,Pass,INS-28,11
L-04-02-09,L-04,2019-10-30,2,Elbow-ext,UT angle beam,4.29,6.02,3.0,71.3,1.73,1,Pass,INS-24,11
L-04-02-10,L-04,2019-10-30,2,Weld-HAZ,UT straight beam,4.8,6.02,3.0,79.7,1.22,0,Pass,INS-27,11
L-04-02-11,L-04,2019-10-30,2,Tee-branch,UT straight beam,4.48,6.02,3.0,74.5,1.54,1,Pass,INS-14,11
L-04-03-01,L-04,2021-05-12,3,TDC,UT angle beam,4.06,6.02,3.0,67.4,1.96,1,Pass,INS-11,13
L-04-03-02,L-04,2021-05-12,3,BDC,UT straight beam,4.41,6.02,3.0,73.3,1.61,0,Pass,INS-25,13
L-04-03-03,L-04,2021-05-12,3,3OC,UT straight beam,4.03,6.02,3.0,66.9,1.99,1,Pass,INS-27,13
L-04-03-04,L-04,2021-05-12,3,9OC,PAUT,4.62,6.02,3.0,76.7,1.4,0,Pass,INS-11,13
L-04-03-05,L-04,2021-05-12,3,45°,PAUT,4.32,6.02,3.0,71.8,1.7,0,Pass,INS-28,13
L-04-03-06,L-04,2021-05-12,3,135°,UT straight beam,4.68,6.02,3.0,77.8,1.34,0,Pass,INS-19,13
L-04-03-07,L-04,2021-05-12,3,225°,PAUT,4.69,6.02,3.0,77.9,1.33,0,Pass,INS-19,13
L-04-03-08,L-04,2021-05-12,3,315°,UT angle beam,4.75,6.02,3.0,78.8,1.27,0,Pass,INS-19,13
L-04-04-01,L-04,2022-09-05,4,TDC,PAUT,4.41,6.02,3.0,73.3,1.61,0,Pass,INS-21,14
L-04-04-02,L-04,2022-09-05,4,BDC,PAUT,4.35,6.02,3.0,72.2,1.67,0,Pass,INS-23,14
L-04-04-03,L-04,2022-09-05,4,3OC,UT straight beam,4.19,6.02,3.0,69.7,1.83,0,Pass,INS-28,14
L-04-04-04,L-04,2022-09-05,4,9OC,UT angle beam,4.45,6.02,3.0,73.9,1.57,0,Pass,INS-21,14
L-04-04-05,L-04,2022-09-05,4,45°,UT straight beam,3.78,6.02,3.0,62.8,2.24,0,Pass,INS-26,14
L-04-04-06,L-04,2022-09-05,4,135°,UT angle beam,3.97,6.02,3.0,65.9,2.05,0,Pass,INS-24,14
L-04-04-07,L-04,2022-09-05,4,225°,PAUT,4.43,6.02,3.0,73.5,1.59,0,Pass,INS-22,14
L-04-04-08,L-04,2022-09-05,4,315°,UT straight beam,4.32,6.02,3.0,71.7,1.7,0,Pass,INS-15,14
L-04-04-09,L-04,2022-09-05,4,Elbow-ext,UT straight beam,4.2,6.02,3.0,69.7,1.82,0,Pass,INS-18,14
L-04-04-10,L-04,2022-09-05,4,Weld-HAZ,UT angle beam,4.22,6.02,3.0,70.2,1.8,0,Pass,INS-12,14
L-04-04-11,L-04,2022-09-05,4,Tee-branch,UT straight beam,4.49,6.02,3.0,74.6,1.53,0,Pass,INS-26,14
L-05-01-01,L-05,2016-08-22,1,TDC,UT straight beam,5.42,7.11,3.5,76.3,1.69,0,Pass,INS-16,11
L-05-01-02,L-05,2016-08-22,1,BDC,UT straight beam,5.52,7.11,3.5,77.6,1.59,0,Pass,INS-15,11
L-05-01-03,L-05,2016-08-22,1,3OC,UT angle beam,5.05,7.11,3.5,71.0,2.06,0,Pass,INS-12,11
L-05-01-04,L-05,2016-08-22,1,9OC,UT angle beam,5.54,7.11,3.5,78.0,1.57,0,Pass,INS-17,11
L-05-01-05,L-05,2016-08-22,1,45°,UT angle beam,5.18,7.11,3.5,72.9,1.93,0,Pass,INS-13,11
L-05-01-06,L-05,2016-08-22,1,135°,UT angle beam,5.37,7.11,3.5,75.5,1.74,0,Pass,INS-14,11
L-05-01-07,L-05,2016-08-22,1,225°,UT angle beam,5.59,7.11,3.5,78.6,1.52,0,Pass,INS-18,11
L-05-01-08,L-05,2016-08-22,1,315°,UT angle beam,5.45,7.11,3.5,76.6,1.66,0,Pass,INS-17,11
L-05-02-01,L-05,2018-03-14,2,TDC,UT angle beam,5.06,7.11,3.5,71.1,2.05,0,Pass,INS-11,13
L-05-02-02,L-05,2018-03-14,2,BDC,UT straight beam,5.12,7.11,3.5,72.0,1.99,0,Pass,INS-12,13
L-05-02-03,L-05,2018-03-14,2,3OC,UT straight beam,5.23,7.11,3.5,73.6,1.88,0,Pass,INS-10,13
L-05-02-04,L-05,2018-03-14,2,9OC,UT angle beam,5.14,7.11,3.5,72.2,1.97,0,Pass,INS-10,13
L-05-02-05,L-05,2018-03-14,2,45°,UT angle beam,4.82,7.11,3.5,67.8,2.29,1,Pass,INS-26,13
L-05-02-06,L-05,2018-03-14,2,135°,UT angle beam,4.88,7.11,3.5,68.6,2.23,1,Pass,INS-19,13
L-05-02-07,L-05,2018-03-14,2,225°,UT straight beam,5.37,7.11,3.5,75.5,1.74,0,Pass,INS-29,13
L-05-02-08,L-05,2018-03-14,2,315°,UT straight beam,5.21,7.11,3.5,73.3,1.9,0,Pass,INS-20,13
L-05-02-09,L-05,2018-03-14,2,Elbow-ext,UT straight beam,4.54,7.11,3.5,63.8,2.57,1,Pass,INS-11,13
L-05-03-01,L-05,2020-11-28,3,TDC,UT straight beam,4.78,7.11,3.5,67.2,2.33,0,Pass,INS-12,15
L-05-03-02,L-05,2020-11-28,3,BDC,UT straight beam,4.72,7.11,3.5,66.4,2.39,0,Pass,INS-14,15
L-05-03-03,L-05,2020-11-28,3,3OC,PAUT,5.05,7.11,3.5,71.0,2.06,0,Pass,INS-22,15
L-05-03-04,L-05,2020-11-28,3,9OC,PAUT,4.64,7.11,3.5,65.3,2.47,0,Pass,INS-17,15
L-05-03-05,L-05,2020-11-28,3,45°,UT angle beam,4.84,7.11,3.5,68.0,2.27,0,Pass,INS-23,15
L-05-03-06,L-05,2020-11-28,3,135°,UT straight beam,4.83,7.11,3.5,68.0,2.28,1,Pass,INS-11,15
L-05-03-07,L-05,2020-11-28,3,225°,UT straight beam,4.84,7.11,3.5,68.1,2.27,0,Pass,INS-14,15
L-05-03-08,L-05,2020-11-28,3,315°,PAUT,4.54,7.11,3.5,63.8,2.57,0,Pass,INS-21,15
L-05-03-09,L-05,2020-11-28,3,Elbow-ext,UT angle beam,5.19,7.11,3.5,73.0,1.92,0,Pass,INS-14,15
L-05-04-01,L-05,2022-05-10,4,TDC,UT angle beam,4.63,7.11,3.5,65.2,2.48,0,Pass,INS-13,17
L-05-04-02,L-05,2022-05-10,4,BDC,PAUT,4.42,7.11,3.5,62.1,2.69,0,Pass,INS-22,17
L-05-04-03,L-05,2022-05-10,4,3OC,UT straight beam,4.83,7.11,3.5,68.0,2.28,0,Pass,INS-23,17
L-05-04-04,L-05,2022-05-10,4,9OC,UT straight beam,4.7,7.11,3.5,66.2,2.41,0,Pass,INS-29,17
L-05-04-05,L-05,2022-05-10,4,45°,UT straight beam,4.56,7.11,3.5,64.2,2.55,0,Pass,INS-11,17
L-05-04-06,L-05,2022-05-10,4,135°,UT angle beam,4.4,7.11,3.5,61.9,2.71,0,Pass,INS-11,17
L-05-04-07,L-05,2022-05-10,4,225°,PAUT,4.61,7.11,3.5,64.8,2.5,0,Pass,INS-26,17
L-05-04-08,L-05,2022-05-10,4,315°,PAUT,4.36,7.11,3.5,61.3,2.75,0,Pass,INS-23,17
L-05-04-09,L-05,2022-05-10,4,Elbow-ext,UT angle beam,4.67,7.11,3.5,65.7,2.44,0,Pass,INS-23,17
L-05-04-10,L-05,2022-05-10,4,Weld-HAZ,UT angle beam,4.76,7.11,3.5,67.0,2.35,0,Pass,INS-26,17
L-05-04-11,L-05,2022-05-10,4,Tee-branch,PAUT,4.52,7.11,3.5,63.5,2.59,0,Pass,INS-10,17
L-06-01-01,L-06,2018-02-06,1,TDC,UT angle beam,4.52,5.49,2.8,82.4,0.97,0,Pass,INS-21,8
L-06-01-02,L-06,2018-02-06,1,BDC,UT angle beam,4.76,5.49,2.8,86.8,0.73,0,Pass,INS-16,8
L-06-01-03,L-06,2018-02-06,1,3OC,UT angle beam,4.91,5.49,2.8,89.5,0.58,0,Pass,INS-26,8
L-06-01-04,L-06,2018-02-06,1,9OC,UT straight beam,4.71,5.49,2.8,85.7,0.78,0,Pass,INS-21,8
L-06-01-05,L-06,2018-02-06,1,45°,UT straight beam,4.56,5.49,2.8,83.0,0.93,0,Pass,INS-20,8
L-06-01-06,L-06,2018-02-06,1,135°,UT angle beam,4.64,5.49,2.8,84.6,0.85,0,Pass,INS-14,8
L-06-01-07,L-06,2018-02-06,1,225°,UT angle beam,4.79,5.49,2.8,87.2,0.7,0,Pass,INS-15,8
L-06-01-08,L-06,2018-02-06,1,315°,UT straight beam,4.7,5.49,2.8,85.5,0.79,0,Pass,INS-17,8
L-06-01-09,L-06,2018-02-06,1,Elbow-ext,UT angle beam,4.51,5.49,2.8,82.1,0.98,0,Pass,INS-26,8
L-06-01-10,L-06,2018-02-06,1,Weld-HAZ,UT angle beam,4.35,5.49,2.8,79.2,1.14,1,Pass,INS-17,8
L-06-02-01,L-06,2019-07-19,2,TDC,UT angle beam,4.62,5.49,2.8,84.1,0.87,0,Pass,INS-19,9
L-06-02-02,L-06,2019-07-19,2,BDC,UT straight beam,4.74,5.49,2.8,86.3,0.75,0,Pass,INS-11,9
L-06-02-03,L-06,2019-07-19,2,3OC,UT straight beam,4.48,5.49,2.8,81.6,1.01,0,Pass,INS-22,9
L-06-02-04,L-06,2019-07-19,2,9OC,UT angle beam,4.66,5.49,2.8,84.9,0.83,0,Pass,INS-13,9
L-06-02-05,L-06,2019-07-19,2,45°,UT straight beam,4.62,5.49,2.8,84.1,0.87,0,Pass,INS-24,9
L-06-02-06,L-06,2019-07-19,2,135°,UT straight beam,4.48,5.49,2.8,81.6,1.01,1,Pass,INS-26,9
L-06-02-07,L-06,2019-07-19,2,225°,UT angle beam,4.69,5.49,2.8,85.5,0.8,0,Pass,INS-28,9
L-06-02-08,L-06,2019-07-19,2,315°,UT straight beam,4.7,5.49,2.8,85.6,0.79,0,Pass,INS-20,9
L-06-02-09,L-06,2019-07-19,2,Elbow-ext,UT straight beam,4.52,5.49,2.8,82.4,0.97,0,Pass,INS-17,9
L-06-02-10,L-06,2019-07-19,2,Weld-HAZ,UT angle beam,4.64,5.49,2.8,84.6,0.85,0,Pass,INS-15,9
L-06-02-11,L-06,2019-07-19,2,Tee-branch,UT angle beam,4.57,5.49,2.8,83.3,0.92,0,Pass,INS-19,9
L-06-02-12,L-06,2019-07-19,2,TDC,UT straight beam,4.37,5.49,2.8,79.7,1.12,0,Pass,INS-27,9
L-06-03-01,L-06,2021-01-15,3,TDC,UT straight beam,4.23,5.49,2.8,77.1,1.26,0,Pass,INS-11,11
L-06-03-02,L-06,2021-01-15,3,BDC,PAUT,4.25,5.49,2.8,77.4,1.24,0,Pass,INS-26,11
L-06-03-03,L-06,2021-01-15,3,3OC,UT straight beam,4.37,5.49,2.8,79.5,1.12,0,Pass,INS-20,11
L-06-03-04,L-06,2021-01-15,3,9OC,PAUT,4.48,5.49,2.8,81.7,1.01,0,Pass,INS-10,11
L-06-03-05,L-06,2021-01-15,3,45°,UT angle beam,4.57,5.49,2.8,83.3,0.92,0,Pass,INS-17,11
L-06-03-06,L-06,2021-01-15,3,135°,PAUT,3.68,5.49,2.8,66.9,1.81,1,Pass,INS-24,11
L-06-03-07,L-06,2021-01-15,3,225°,UT angle beam,4.36,5.49,2.8,79.5,1.13,0,Pass,INS-21,11
L-06-03-08,L-06,2021-01-15,3,315°,UT angle beam,4.09,5.49,2.8,74.6,1.4,1,Pass,INS-11,11
L-06-03-09,L-06,2021-01-15,3,Elbow-ext,UT straight beam,3.92,5.49,2.8,71.4,1.57,1,Pass,INS-17,11
L-06-04-01,L-06,2022-08-30,4,TDC,UT straight beam,4.29,5.49,2.8,78.2,1.2,0,Pass,INS-15,12
L-06-04-02,L-06,2022-08-30,4,BDC,UT angle beam,4.24,5.49,2.8,77.2,1.25,0,Pass,INS-26,12
L-06-04-03,L-06,2022-08-30,4,3OC,UT angle beam,4.46,5.49,2.8,81.3,1.03,0,Pass,INS-17,12
L-06-04-04,L-06,2022-08-30,4,9OC,UT straight beam,4.51,5.49,2.8,82.1,0.98,0,Pass,INS-11,12
L-06-04-05,L-06,2022-08-30,4,45°,PAUT,4.39,5.49,2.8,79.9,1.1,0,Pass,INS-17,12
L-06-04-06,L-06,2022-08-30,4,135°,UT angle beam,4.18,5.49,2.8,76.2,1.31,0,Pass,INS-22,12
L-06-04-07,L-06,2022-08-30,4,225°,PAUT,4.46,5.49,2.8,81.3,1.03,0,Pass,INS-28,12
L-06-04-08,L-06,2022-08-30,4,315°,UT straight beam,4.36,5.49,2.8,79.5,1.13,0,Pass,INS-24,12
L-06-04-09,L-06,2022-08-30,4,Elbow-ext,UT angle beam,4.01,5.49,2.8,73.1,1.48,0,Pass,INS-19,12
L-06-04-10,L-06,2022-08-30,4,Weld-HAZ,UT angle beam,4.18,5.49,2.8,76.2,1.31,0,Pass,INS-16,12
L-06-04-11,L-06,2022-08-30,4,Tee-branch,PAUT,3.94,5.49,2.8,71.8,1.55,1,Pass,INS-22,12
L-06-04-12,L-06,2022-08-30,4,TDC,PAUT,4.37,5.49,2.8,79.7,1.12,0,Pass,INS-25,12
L-07-01-01,L-07,2017-06-11,1,TDC,UT straight beam,5.32,6.02,3.0,88.5,0.7,0,Pass,INS-10,12
L-07-01-02,L-07,2017-06-11,1,BDC,UT straight beam,5.35,6.02,3.0,88.8,0.67,0,Pass,INS-25,12
L-07-01-03,L-07,2017-06-11,1,3OC,UT angle beam,4.94,6.02,3.0,82.1,1.08,0,Pass,INS-10,12
L-07-01-04,L-07,2017-06-11,1,9OC,UT angle beam,5.32,6.02,3.0,88.4,0.7,0,Pass,INS-14,12
L-07-01-05,L-07,2017-06-11,1,45°,UT straight beam,5.2,6.02,3.0,86.3,0.82,0,Pass,INS-11,12
L-07-01-06,L-07,2017-06-11,1,135°,UT angle beam,5.21,6.02,3.0,86.6,0.81,0,Pass,INS-18,12
L-07-02-01,L-07,2019-12-03,2,TDC,UT angle beam,5.02,6.02,3.0,83.4,1.0,0,Pass,INS-28,14
L-07-02-02,L-07,2019-12-03,2,BDC,UT angle beam,4.96,6.02,3.0,82.4,1.06,1,Pass,INS-24,14
L-07-02-03,L-07,2019-12-03,2,3OC,UT angle beam,5.3,6.02,3.0,88.1,0.72,0,Pass,INS-27,14
L-07-02-04,L-07,2019-12-03,2,9OC,UT angle beam,5.21,6.02,3.0,86.6,0.81,0,Pass,INS-22,14
L-07-02-05,L-07,2019-12-03,2,45°,UT straight beam,5.16,6.02,3.0,85.6,0.86,0,Pass,INS-17,14
L-07-02-06,L-07,2019-12-03,2,135°,UT angle beam,5.09,6.02,3.0,84.5,0.93,0,Pass,INS-12,14
L-07-02-07,L-07,2019-12-03,2,225°,UT straight beam,4.96,6.02,3.0,82.3,1.06,0,Pass,INS-20,14
L-07-02-08,L-07,2019-12-03,2,315°,UT straight beam,5.15,6.02,3.0,85.5,0.87,0,Pass,INS-13,14
L-07-02-09,L-07,2019-12-03,2,Elbow-ext,UT straight beam,5.39,6.02,3.0,89.5,0.63,0,Pass,INS-15,14
L-07-02-10,L-07,2019-12-03,2,Weld-HAZ,UT straight beam,5.33,6.02,3.0,88.5,0.69,1,Pass,INS-23,14
L-07-02-11,L-07,2019-12-03,2,Tee-branch,UT straight beam,5.3,6.02,3.0,88.0,0.72,0,Pass,INS-29,14
L-07-03-01,L-07,2021-08-22,3,TDC,UT angle beam,4.87,6.02,3.0,80.8,1.15,1,Pass,INS-25,16
L-07-03-02,L-07,2021-08-22,3,BDC,PAUT,5.34,6.02,3.0,88.8,0.68,0,Pass,INS-28,16
L-07-03-03,L-07,2021-08-22,3,3OC,PAUT,4.87,6.02,3.0,80.9,1.15,0,Pass,INS-20,16
L-07-03-04,L-07,2021-08-22,3,9OC,UT angle beam,4.84,6.02,3.0,80.4,1.18,0,Pass,INS-11,16
L-07-03-05,L-07,2021-08-22,3,45°,UT straight beam,5.14,6.02,3.0,85.4,0.88,0,Pass,INS-19,16
L-07-03-06,L-07,2021-08-22,3,135°,UT angle beam,4.91,6.02,3.0,81.5,1.11,0,Pass,INS-26,16
L-07-03-07,L-07,2021-08-22,3,225°,UT straight beam,5.28,6.02,3.0,87.7,0.74,0,Pass,INS-16,16
L-07-03-08,L-07,2021-08-22,3,315°,PAUT,5.04,6.02,3.0,83.7,0.98,0,Pass,INS-25,16
L-07-03-09,L-07,2021-08-22,3,Elbow-ext,UT straight beam,5.03,6.02,3.0,83.6,0.99,0,Pass,INS-29,16
L-07-03-10,L-07,2021-08-22,3,Weld-HAZ,UT straight beam,4.85,6.02,3.0,80.6,1.17,0,Pass,INS-20,16
L-07-04-01,L-07,2022-11-14,4,TDC,PAUT,5.32,6.02,3.0,88.4,0.7,0,Pass,INS-25,17
L-07-04-02,L-07,2022-11-14,4,BDC,UT angle beam,4.98,6.02,3.0,82.7,1.04,0,Pass,INS-26,17
L-07-04-03,L-07,2022-11-14,4,3OC,UT straight beam,4.49,6.02,3.0,74.6,1.53,1,Pass,INS-24,17
L-07-04-04,L-07,2022-11-14,4,9OC,UT straight beam,5.03,6.02,3.0,83.6,0.99,0,Pass,INS-13,17
L-07-04-05,L-07,2022-11-14,4,45°,UT straight beam,4.98,6.02,3.0,82.8,1.04,0,Pass,INS-15,17
L-07-04-06,L-07,2022-11-14,4,135°,UT straight beam,4.77,6.02,3.0,79.2,1.25,0,Pass,INS-21,17
L-07-04-07,L-07,2022-11-14,4,225°,PAUT,5.01,6.02,3.0,83.3,1.01,0,Pass,INS-19,17
L-07-04-08,L-07,2022-11-14,4,315°,UT angle beam,5.03,6.02,3.0,83.6,0.99,0,Pass,INS-28,17
L-07-04-09,L-07,2022-11-14,4,Elbow-ext,UT angle beam,4.93,6.02,3.0,81.9,1.09,0,Pass,INS-11,17
L-08-01-01,L-08,2016-11-25,1,TDC,UT angle beam,5.51,6.02,3.0,91.6,0.51,0,Pass,INS-14,8
L-08-01-02,L-08,2016-11-25,1,BDC,UT straight beam,5.29,6.02,3.0,87.8,0.73,1,Pass,INS-10,8
L-08-01-03,L-08,2016-11-25,1,3OC,UT angle beam,5.66,6.02,3.0,94.0,0.36,0,Pass,INS-13,8
L-08-01-04,L-08,2016-11-25,1,9OC,UT straight beam,5.31,6.02,3.0,88.1,0.71,0,Pass,INS-12,8
L-08-01-05,L-08,2016-11-25,1,45°,UT straight beam,5.6,6.02,3.0,93.0,0.42,0,Pass,INS-21,8
L-08-01-06,L-08,2016-11-25,1,135°,UT angle beam,5.54,6.02,3.0,92.0,0.48,0,Pass,INS-21,8
L-08-02-01,L-08,2018-08-07,2,TDC,UT straight beam,5.27,6.02,3.0,87.5,0.75,0,Pass,INS-10,10
L-08-02-02,L-08,2018-08-07,2,BDC,UT straight beam,5.04,6.02,3.0,83.7,0.98,0,Pass,INS-19,10
L-08-02-03,L-08,2018-08-07,2,3OC,UT angle beam,4.9,6.02,3.0,81.5,1.12,1,Pass,INS-11,10
L-08-02-04,L-08,2018-08-07,2,9OC,UT straight beam,5.4,6.02,3.0,89.6,0.62,0,Pass,INS-24,10
L-08-02-05,L-08,2018-08-07,2,45°,UT straight beam,5.19,6.02,3.0,86.3,0.83,0,Pass,INS-16,10
L-08-02-06,L-08,2018-08-07,2,135°,UT angle beam,5.11,6.02,3.0,85.0,0.91,0,Pass,INS-11,10
L-08-02-07,L-08,2018-08-07,2,225°,UT straight beam,5.27,6.02,3.0,87.6,0.75,0,Pass,INS-29,10
L-08-02-08,L-08,2018-08-07,2,315°,UT angle beam,5.33,6.02,3.0,88.6,0.69,0,Pass,INS-11,10
L-08-02-09,L-08,2018-08-07,2,Elbow-ext,UT angle beam,5.12,6.02,3.0,85.1,0.9,0,Pass,INS-21,10
L-08-03-01,L-08,2020-04-18,3,TDC,UT angle beam,4.58,6.02,3.0,76.1,1.44,1,Pass,INS-29,12
L-08-03-02,L-08,2020-04-18,3,BDC,PAUT,4.76,6.02,3.0,79.1,1.26,1,Pass,INS-26,12
L-08-03-03,L-08,2020-04-18,3,3OC,PAUT,4.83,6.02,3.0,80.2,1.19,0,Pass,INS-18,12
L-08-03-04,L-08,2020-04-18,3,9OC,UT straight beam,5.26,6.02,3.0,87.3,0.76,0,Pass,INS-24,12
L-08-03-05,L-08,2020-04-18,3,45°,UT angle beam,4.99,6.02,3.0,82.9,1.03,0,Pass,INS-14,12
L-08-03-06,L-08,2020-04-18,3,135°,UT straight beam,4.8,6.02,3.0,79.7,1.22,1,Pass,INS-14,12
L-08-03-07,L-08,2020-04-18,3,225°,UT straight beam,4.88,6.02,3.0,81.1,1.14,0,Pass,INS-15,12
L-08-03-08,L-08,2020-04-18,3,315°,PAUT,4.98,6.02,3.0,82.7,1.04,0,Pass,INS-15,12
L-08-03-09,L-08,2020-04-18,3,Elbow-ext,UT straight beam,5.08,6.02,3.0,84.3,0.94,0,Pass,INS-10,12
L-08-03-10,L-08,2020-04-18,3,Weld-HAZ,UT straight beam,5.16,6.02,3.0,85.7,0.86,0,Pass,INS-15,12
L-08-03-11,L-08,2020-04-18,3,Tee-branch,UT straight beam,4.78,6.02,3.0,79.4,1.24,1,Pass,INS-16,12
L-08-03-12,L-08,2020-04-18,3,TDC,PAUT,4.98,6.02,3.0,82.7,1.04,0,Pass,INS-16,12
L-08-04-01,L-08,2022-01-29,4,TDC,UT straight beam,4.71,6.02,3.0,78.2,1.31,1,Pass,INS-26,14
L-08-04-02,L-08,2022-01-29,4,BDC,PAUT,4.79,6.02,3.0,79.6,1.23,0,Pass,INS-27,14
L-08-04-03,L-08,2022-01-29,4,3OC,UT angle beam,4.92,6.02,3.0,81.8,1.1,0,Pass,INS-12,14
L-08-04-04,L-08,2022-01-29,4,9OC,UT straight beam,4.78,6.02,3.0,79.4,1.24,0,Pass,INS-18,14
L-08-04-05,L-08,2022-01-29,4,45°,UT straight beam,4.78,6.02,3.0,79.4,1.24,0,Pass,INS-17,14
L-08-04-06,L-08,2022-01-29,4,135°,UT straight beam,5.04,6.02,3.0,83.6,0.98,0,Pass,INS-23,14
L-08-04-07,L-08,2022-01-29,4,225°,UT angle beam,5.0,6.02,3.0,83.1,1.02,0,Pass,INS-19,14
L-09-01-01,L-09,2014-09-03,1,TDC,UT angle beam,6.21,7.11,3.5,87.4,0.9,0,Pass,INS-22,19
L-09-01-02,L-09,2014-09-03,1,BDC,UT angle beam,6.24,7.11,3.5,87.7,0.87,0,Pass,INS-19,19
L-09-01-03,L-09,2014-09-03,1,3OC,UT straight beam,6.14,7.11,3.5,86.4,0.97,0,Pass,INS-14,19
L-09-01-04,L-09,2014-09-03,1,9OC,UT straight beam,6.03,7.11,3.5,84.9,1.08,0,Pass,INS-16,19
L-09-01-05,L-09,2014-09-03,1,45°,UT angle beam,6.27,7.11,3.5,88.2,0.84,0,Pass,INS-24,19
L-09-01-06,L-09,2014-09-03,1,135°,UT straight beam,6.04,7.11,3.5,85.0,1.07,0,Pass,INS-27,19
L-09-01-07,L-09,2014-09-03,1,225°,UT straight beam,5.92,7.11,3.5,83.2,1.19,0,Pass,INS-17,19
L-09-01-08,L-09,2014-09-03,1,315°,UT angle beam,6.01,7.11,3.5,84.6,1.1,0,Pass,INS-20,19
L-09-01-09,L-09,2014-09-03,1,Elbow-ext,UT angle beam,6.33,7.11,3.5,89.1,0.78,0,Pass,INS-21,19
L-09-01-10,L-09,2014-09-03,1,Weld-HAZ,UT straight beam,6.24,7.11,3.5,87.8,0.87,0,Pass,INS-24,19
L-09-01-11,L-09,2014-09-03,1,Tee-branch,UT angle beam,6.15,7.11,3.5,86.4,0.96,0,Pass,INS-11,19
L-09-01-12,L-09,2014-09-03,1,TDC,UT straight beam,5.99,7.11,3.5,84.2,1.12,0,Pass,INS-14,19
L-09-02-01,L-09,2017-03-21,2,TDC,UT angle beam,6.21,7.11,3.5,87.4,0.9,0,Pass,INS-12,22
L-09-02-02,L-09,2017-03-21,2,BDC,UT straight beam,5.91,7.11,3.5,83.2,1.2,0,Pass,INS-28,22
L-09-02-03,L-09,2017-03-21,2,3OC,UT angle beam,5.87,7.11,3.5,82.6,1.24,1,Pass,INS-20,22
L-09-02-04,L-09,2017-03-21,2,9OC,UT angle beam,5.59,7.11,3.5,78.6,1.52,1,Pass,INS-13,22
L-09-02-05,L-09,2017-03-21,2,45°,UT straight beam,6.05,7.11,3.5,85.1,1.06,0,Pass,INS-16,22
L-09-02-06,L-09,2017-03-21,2,135°,UT angle beam,5.83,7.11,3.5,82.0,1.28,0,Pass,INS-22,22
L-09-02-07,L-09,2017-03-21,2,225°,UT straight beam,6.01,7.11,3.5,84.6,1.1,0,Pass,INS-17,22
L-09-02-08,L-09,2017-03-21,2,315°,UT angle beam,5.66,7.11,3.5,79.7,1.45,0,Pass,INS-17,22
L-09-02-09,L-09,2017-03-21,2,Elbow-ext,UT angle beam,6.02,7.11,3.5,84.6,1.09,0,Pass,INS-26,22
L-09-02-10,L-09,2017-03-21,2,Weld-HAZ,UT angle beam,6.1,7.11,3.5,85.8,1.01,0,Pass,INS-14,22
L-09-02-11,L-09,2017-03-21,2,Tee-branch,UT angle beam,6.04,7.11,3.5,84.9,1.07,0,Pass,INS-22,22
L-09-03-01,L-09,2019-06-10,3,TDC,UT straight beam,5.44,7.11,3.5,76.5,1.67,1,Pass,INS-27,24
L-09-03-02,L-09,2019-06-10,3,BDC,UT angle beam,5.7,7.11,3.5,80.2,1.41,0,Pass,INS-20,24
L-09-03-03,L-09,2019-06-10,3,3OC,UT straight beam,5.97,7.11,3.5,83.9,1.14,0,Pass,INS-21,24
L-09-03-04,L-09,2019-06-10,3,9OC,UT angle beam,6.05,7.11,3.5,85.1,1.06,0,Pass,INS-19,24
L-09-03-05,L-09,2019-06-10,3,45°,UT angle beam,6.08,7.11,3.5,85.6,1.03,0,Pass,INS-29,24
L-09-03-06,L-09,2019-06-10,3,135°,UT straight beam,6.01,7.11,3.5,84.6,1.1,0,Pass,INS-11,24
L-09-03-07,L-09,2019-06-10,3,225°,UT angle beam,5.63,7.11,3.5,79.2,1.48,1,Pass,INS-26,24
L-09-03-08,L-09,2019-06-10,3,315°,UT straight beam,5.85,7.11,3.5,82.3,1.26,0,Pass,INS-29,24
L-09-03-09,L-09,2019-06-10,3,Elbow-ext,PAUT,6.0,7.11,3.5,84.4,1.11,0,Pass,INS-17,24
L-09-03-10,L-09,2019-06-10,3,Weld-HAZ,UT straight beam,5.99,7.11,3.5,84.3,1.12,0,Pass,INS-22,24
L-09-03-11,L-09,2019-06-10,3,Tee-branch,UT angle beam,5.87,7.11,3.5,82.5,1.24,0,Pass,INS-28,24
L-09-03-12,L-09,2019-06-10,3,TDC,PAUT,5.69,7.11,3.5,80.1,1.42,1,Pass,INS-11,24
L-09-04-01,L-09,2021-11-08,4,TDC,UT straight beam,5.92,7.11,3.5,83.3,1.19,0,Pass,INS-18,26
L-09-04-02,L-09,2021-11-08,4,BDC,UT angle beam,5.82,7.11,3.5,81.9,1.29,0,Pass,INS-16,26
L-09-04-03,L-09,2021-11-08,4,3OC,UT angle beam,6.08,7.11,3.5,85.5,1.03,0,Pass,INS-13,26
L-09-04-04,L-09,2021-11-08,4,9OC,UT angle beam,5.92,7.11,3.5,83.2,1.19,0,Pass,INS-28,26
L-09-04-05,L-09,2021-11-08,4,45°,PAUT,5.63,7.11,3.5,79.2,1.48,0,Pass,INS-28,26
L-09-04-06,L-09,2021-11-08,4,135°,UT angle beam,6.18,7.11,3.5,87.0,0.93,0,Pass,INS-15,26
L-09-04-07,L-09,2021-11-08,4,225°,UT straight beam,5.66,7.11,3.5,79.7,1.45,0,Pass,INS-22,26
L-09-04-08,L-09,2021-11-08,4,315°,PAUT,5.65,7.11,3.5,79.4,1.46,0,Pass,INS-26,26
L-09-04-09,L-09,2021-11-08,4,Elbow-ext,UT straight beam,5.87,7.11,3.5,82.6,1.24,0,Pass,INS-14,26
L-09-04-10,L-09,2021-11-08,4,Weld-HAZ,PAUT,5.78,7.11,3.5,81.3,1.33,0,Pass,INS-26,26
L-09-04-11,L-09,2021-11-08,4,Tee-branch,UT straight beam,5.34,7.11,3.5,75.1,1.77,1,Pass,INS-24,26
L-09-04-12,L-09,2021-11-08,4,TDC,PAUT,5.93,7.11,3.5,83.4,1.18,0,Pass,INS-27,26
L-10-01-01,L-10,2014-07-15,1,TDC,UT angle beam,3.82,5.49,2.8,69.7,1.67,0,Pass,INS-21,9
L-10-01-02,L-10,2014-07-15,1,BDC,UT angle beam,3.5,5.49,2.8,63.7,1.99,1,Pass,INS-21,9
L-10-01-03,L-10,2014-07-15,1,3OC,UT straight beam,3.72,5.49,2.8,67.8,1.77,0,Pass,INS-28,9
L-10-01-04,L-10,2014-07-15,1,9OC,UT angle beam,3.49,5.49,2.8,63.5,2.0,1,Pass,INS-21,9
L-10-01-05,L-10,2014-07-15,1,45°,UT angle beam,3.51,5.49,2.8,64.0,1.98,0,Pass,INS-13,9
L-10-01-06,L-10,2014-07-15,1,135°,UT straight beam,3.5,5.49,2.8,63.8,1.99,1,Pass,INS-10,9
L-10-01-07,L-10,2014-07-15,1,225°,UT straight beam,3.49,5.49,2.8,63.5,2.0,0,Pass,INS-19,9
L-10-01-08,L-10,2014-07-15,1,315°,UT straight beam,3.64,5.49,2.8,66.3,1.85,0,Pass,INS-26,9
L-10-01-09,L-10,2014-07-15,1,Elbow-ext,UT angle beam,3.92,5.49,2.8,71.3,1.57,0,Pass,INS-28,9
L-10-02-01,L-10,2016-10-28,2,TDC,UT straight beam,3.22,5.49,2.8,58.6,2.27,1,Pass,INS-12,11
L-10-02-02,L-10,2016-10-28,2,BDC,UT straight beam,3.09,5.49,2.8,56.3,2.4,0,Pass,INS-18,11
L-10-02-03,L-10,2016-10-28,2,3OC,UT angle beam,3.33,5.49,2.8,60.7,2.16,0,Pass,INS-28,11
L-10-02-04,L-10,2016-10-28,2,9OC,UT straight beam,3.29,5.49,2.8,59.9,2.2,0,Pass,INS-10,11
L-10-02-05,L-10,2016-10-28,2,45°,UT straight beam,3.29,5.49,2.8,59.9,2.2,0,Pass,INS-16,11
L-10-02-06,L-10,2016-10-28,2,135°,UT straight beam,2.98,5.49,2.8,54.3,2.51,1,Pass,INS-21,11
L-10-03-01,L-10,2018-05-14,3,TDC,PAUT,2.92,5.49,2.8,53.2,2.57,0,Pass,INS-21,13
L-10-03-02,L-10,2018-05-14,3,BDC,UT straight beam,2.68,5.49,2.8,48.9,2.81,0,Fail,INS-14,13
L-10-03-03,L-10,2018-05-14,3,3OC,UT angle beam,2.88,5.49,2.8,52.5,2.61,0,Pass,INS-19,13
L-10-03-04,L-10,2018-05-14,3,9OC,PAUT,2.8,5.49,2.8,51.0,2.69,0,Pass,INS-16,13
L-10-03-05,L-10,2018-05-14,3,45°,UT angle beam,2.78,5.49,2.8,50.7,2.71,0,Fail,INS-11,13
L-10-03-06,L-10,2018-05-14,3,135°,UT angle beam,2.54,5.49,2.8,46.2,2.95,0,Fail,INS-10,13
L-10-03-07,L-10,2018-05-14,3,225°,UT straight beam,2.82,5.49,2.8,51.3,2.67,0,Pass,INS-19,13
L-10-03-08,L-10,2018-05-14,3,315°,UT angle beam,2.62,5.49,2.8,47.6,2.87,1,Fail,INS-15,13
L-10-04-01,L-10,2020-09-02,4,TDC,UT angle beam,2.31,5.49,2.8,42.1,3.18,0,Fail,INS-18,15
L-10-04-02,L-10,2020-09-02,4,BDC,UT angle beam,2.3,5.49,2.8,42.0,3.19,0,Fail,INS-23,15
L-10-04-03,L-10,2020-09-02,4,3OC,UT angle beam,2.41,5.49,2.8,43.9,3.08,0,Fail,INS-21,15
L-10-04-04,L-10,2020-09-02,4,9OC,PAUT,2.35,5.49,2.8,42.8,3.14,0,Fail,INS-19,15
L-10-04-05,L-10,2020-09-02,4,45°,PAUT,2.59,5.49,2.8,47.3,2.9,0,Fail,INS-24,15
L-10-04-06,L-10,2020-09-02,4,135°,UT angle beam,2.37,5.49,2.8,43.3,3.12,0,Fail,INS-12,15
L-10-04-07,L-10,2020-09-02,4,225°,UT straight beam,2.62,5.49,2.8,47.7,2.87,0,Fail,INS-24,15
L-10-04-08,L-10,2020-09-02,4,315°,UT straight beam,2.44,5.49,2.8,44.4,3.05,0,Fail,INS-15,15
L-10-04-09,L-10,2020-09-02,4,Elbow-ext,UT straight beam,2.8,5.49,2.8,51.1,2.69,0,Pass,INS-24,15
L-10-04-10,L-10,2020-09-02,4,Weld-HAZ,PAUT,2.49,5.49,2.8,45.4,3.0,0,Fail,INS-21,15
L-10-05-01,L-10,2022-04-11,5,TDC,UT straight beam,2.1,5.49,2.8,38.3,3.39,1,Fail,INS-22,17
L-10-05-02,L-10,2022-04-11,5,BDC,UT straight beam,2.06,5.49,2.8,37.6,3.43,1,Fail,INS-10,17
L-10-05-03,L-10,2022-04-11,5,3OC,UT straight beam,2.52,5.49,2.8,45.9,2.97,0,Fail,INS-16,17
L-10-05-04,L-10,2022-04-11,5,9OC,PAUT,2.57,5.49,2.8,46.8,2.92,0,Fail,INS-24,17
L-10-05-05,L-10,2022-04-11,5,45°,UT angle beam,2.4,5.49,2.8,43.7,3.09,0,Fail,INS-18,17
L-10-05-06,L-10,2022-04-11,5,135°,UT straight beam,2.14,5.49,2.8,38.9,3.35,1,Fail,INS-19,17
L-10-05-07,L-10,2022-04-11,5,225°,UT straight beam,2.39,5.49,2.8,43.5,3.1,0,Fail,INS-11,17
L-10-05-08,L-10,2022-04-11,5,315°,UT straight beam,2.62,5.49,2.8,47.7,2.87,0,Fail,INS-27,17
L-10-05-09,L-10,2022-04-11,5,Elbow-ext,PAUT,2.23,5.49,2.8,40.6,3.26,0,Fail,INS-18,17
L-10-05-10,L-10,2022-04-11,5,Weld-HAZ,UT angle beam,2.09,5.49,2.8,38.0,3.4,0,Fail,INS-26,17
L-10-05-11,L-10,2022-04-11,5,Tee-branch,UT straight beam,2.35,5.49,2.8,42.8,3.14,0,Fail,INS-24,17
L-10-05-12,L-10,2022-04-11,5,TDC,UT straight beam,2.22,5.49,2.8,40.4,3.27,1,Fail,INS-18,17
V-101-01-01,V-101,2015-05-12,1,Shell-Course-1-TDC,UT grid scan,19.32,22.0,8.5,87.8,2.68,1,Pass,INS-17,10
V-101-01-02,V-101,2015-05-12,1,Shell-Course-1-BDC,UT grid scan,19.69,22.0,8.5,89.5,2.31,0,Pass,INS-20,10
V-101-01-03,V-101,2015-05-12,1,Shell-Course-1-3OC,UT grid scan,19.69,22.0,8.5,89.5,2.31,0,Pass,INS-21,10
V-101-01-04,V-101,2015-05-12,1,Shell-Course-1-9OC,UT grid scan,19.76,22.0,8.5,89.8,2.24,0,Pass,INS-10,10
V-101-01-05,V-101,2015-05-12,1,Shell-Course-2-TDC,UT grid scan,19.66,22.0,8.5,89.4,2.34,0,Pass,INS-18,10
V-101-01-06,V-101,2015-05-12,1,Shell-Course-2-BDC,PAUT,19.78,22.0,8.5,89.9,2.22,0,Pass,INS-25,10
V-101-01-07,V-101,2015-05-12,1,Shell-Course-2-3OC,UT grid scan,19.46,22.0,8.5,88.5,2.54,0,Pass,INS-15,10
V-101-01-08,V-101,2015-05-12,1,Shell-Course-2-9OC,PAUT,19.9,22.0,8.5,90.5,2.1,0,Pass,INS-29,10
V-101-01-09,V-101,2015-05-12,1,Head-North-TDC,UT grid scan,19.5,22.0,8.5,88.6,2.5,0,Pass,INS-18,10
V-101-01-10,V-101,2015-05-12,1,Head-North-BDC,UT grid scan,19.63,22.0,8.5,89.2,2.37,0,Pass,INS-27,10
V-101-01-11,V-101,2015-05-12,1,Head-South-TDC,PAUT,19.84,22.0,8.5,90.2,2.16,0,Pass,INS-16,10
V-101-01-12,V-101,2015-05-12,1,Head-South-BDC,UT grid scan,19.59,22.0,8.5,89.0,2.41,0,Pass,INS-27,10
V-101-01-13,V-101,2015-05-12,1,Nozzle-N1,UT grid scan,19.56,22.0,8.5,88.9,2.44,0,Pass,INS-16,10
V-101-01-14,V-101,2015-05-12,1,Nozzle-N2,PAUT,19.55,22.0,8.5,88.8,2.45,0,Pass,INS-15,10
V-101-01-15,V-101,2015-05-12,1,Nozzle-N3,PAUT,19.75,22.0,8.5,89.8,2.25,0,Pass,INS-12,10
V-101-01-16,V-101,2015-05-12,1,Nozzle-N4,PAUT,19.68,22.0,8.5,89.4,2.32,0,Pass,INS-19,10
V-101-01-17,V-101,2015-05-12,1,Shell-Course-3-TDC,PAUT,18.87,22.0,8.5,85.8,3.13,1,Pass,INS-17,10
V-101-01-18,V-101,2015-05-12,1,Shell-Course-3-BDC,PAUT,19.49,22.0,8.5,88.6,2.51,0,Pass,INS-17,10
V-101-01-19,V-101,2015-05-12,1,Weld-Seam-Long,UT grid scan,19.98,22.0,8.5,90.8,2.02,0,Pass,INS-22,10
V-101-02-01,V-101,2018-03-20,2,Shell-Course-1-TDC,UT grid scan,18.51,22.0,8.5,84.1,3.49,0,Pass,INS-15,13
V-101-02-02,V-101,2018-03-20,2,Shell-Course-1-BDC,UT grid scan,18.62,22.0,8.5,84.6,3.38,0,Pass,INS-27,13
V-101-02-03,V-101,2018-03-20,2,Shell-Course-1-3OC,PAUT,18.74,22.0,8.5,85.2,3.26,0,Pass,INS-24,13
V-101-02-04,V-101,2018-03-20,2,Shell-Course-1-9OC,UT grid scan,18.97,22.0,8.5,86.2,3.03,0,Pass,INS-28,13
V-101-02-05,V-101,2018-03-20,2,Shell-Course-2-TDC,UT grid scan,19.08,22.0,8.5,86.7,2.92,0,Pass,INS-13,13
V-101-02-06,V-101,2018-03-20,2,Shell-Course-2-BDC,RT panoramic,18.82,22.0,8.5,85.6,3.18,0,Pass,INS-25,13
V-101-02-07,V-101,2018-03-20,2,Shell-Course-2-3OC,UT grid scan,18.91,22.0,8.5,85.9,3.09,0,Pass,INS-11,13
V-101-02-08,V-101,2018-03-20,2,Shell-Course-2-9OC,UT grid scan,19.07,22.0,8.5,86.7,2.93,0,Pass,INS-27,13
V-101-02-09,V-101,2018-03-20,2,Head-North-TDC,UT grid scan,18.79,22.0,8.5,85.4,3.21,0,Pass,INS-15,13
V-101-02-10,V-101,2018-03-20,2,Head-North-BDC,UT grid scan,18.83,22.0,8.5,85.6,3.17,0,Pass,INS-20,13
V-101-02-11,V-101,2018-03-20,2,Head-South-TDC,PAUT,19.08,22.0,8.5,86.7,2.92,0,Pass,INS-28,13
V-101-02-12,V-101,2018-03-20,2,Head-South-BDC,RT panoramic,18.44,22.0,8.5,83.8,3.56,1,Pass,INS-22,13
V-101-02-13,V-101,2018-03-20,2,Nozzle-N1,UT grid scan,18.53,22.0,8.5,84.2,3.47,1,Pass,INS-23,13
V-101-02-14,V-101,2018-03-20,2,Nozzle-N2,RT panoramic,18.6,22.0,8.5,84.5,3.4,0,Pass,INS-26,13
V-101-02-15,V-101,2018-03-20,2,Nozzle-N3,PAUT,18.7,22.0,8.5,85.0,3.3,0,Pass,INS-27,13
V-101-02-16,V-101,2018-03-20,2,Nozzle-N4,PAUT,18.34,22.0,8.5,83.4,3.66,0,Pass,INS-29,13
V-101-02-17,V-101,2018-03-20,2,Shell-Course-3-TDC,PAUT,19.03,22.0,8.5,86.5,2.97,0,Pass,INS-13,13
V-101-02-18,V-101,2018-03-20,2,Shell-Course-3-BDC,UT grid scan,18.93,22.0,8.5,86.0,3.07,0,Pass,INS-13,13
V-101-02-19,V-101,2018-03-20,2,Weld-Seam-Long,RT panoramic,19.06,22.0,8.5,86.7,2.94,0,Pass,INS-22,13
V-101-02-20,V-101,2018-03-20,2,Weld-Seam-Circ,RT panoramic,18.94,22.0,8.5,86.1,3.06,0,Pass,INS-15,13
V-101-02-21,V-101,2018-03-20,2,Boot-section,PAUT,19.15,22.0,8.5,87.1,2.85,0,Pass,INS-13,13
V-101-02-22,V-101,2018-03-20,2,Vortex-breaker-support,PAUT,18.97,22.0,8.5,86.2,3.03,0,Pass,INS-12,13
V-101-02-23,V-101,2018-03-20,2,Manway-neck,PAUT,18.65,22.0,8.5,84.8,3.35,1,Pass,INS-27,13
V-101-03-01,V-101,2021-06-08,3,Shell-Course-1-TDC,UT grid scan,18.37,22.0,8.5,83.5,3.63,0,Pass,INS-13,16
V-101-03-02,V-101,2021-06-08,3,Shell-Course-1-BDC,PAUT,18.07,22.0,8.5,82.1,3.93,0,Pass,INS-24,16
V-101-03-03,V-101,2021-06-08,3,Shell-Course-1-3OC,RT panoramic,18.01,22.0,8.5,81.9,3.99,0,Pass,INS-14,16
V-101-03-04,V-101,2021-06-08,3,Shell-Course-1-9OC,RT panoramic,18.07,22.0,8.5,82.1,3.93,0,Pass,INS-27,16
V-101-03-05,V-101,2021-06-08,3,Shell-Course-2-TDC,PAUT,18.13,22.0,8.5,82.4,3.87,0,Pass,INS-17,16
V-101-03-06,V-101,2021-06-08,3,Shell-Course-2-BDC,RT panoramic,18.44,22.0,8.5,83.8,3.56,0,Pass,INS-10,16
V-101-03-07,V-101,2021-06-08,3,Shell-Course-2-3OC,RT panoramic,18.02,22.0,8.5,81.9,3.98,1,Pass,INS-17,16
V-101-03-08,V-101,2021-06-08,3,Shell-Course-2-9OC,RT panoramic,18.19,22.0,8.5,82.7,3.81,0,Pass,INS-11,16
V-101-03-09,V-101,2021-06-08,3,Head-North-TDC,UT grid scan,17.86,22.0,8.5,81.2,4.14,0,Pass,INS-13,16
V-101-03-10,V-101,2021-06-08,3,Head-North-BDC,PAUT,18.14,22.0,8.5,82.5,3.86,0,Pass,INS-12,16
V-101-03-11,V-101,2021-06-08,3,Head-South-TDC,UT grid scan,18.1,22.0,8.5,82.3,3.9,0,Pass,INS-24,16
V-101-03-12,V-101,2021-06-08,3,Head-South-BDC,RT panoramic,18.5,22.0,8.5,84.1,3.5,0,Pass,INS-25,16
V-101-03-13,V-101,2021-06-08,3,Nozzle-N1,RT panoramic,17.75,22.0,8.5,80.7,4.25,1,Pass,INS-25,16
V-101-03-14,V-101,2021-06-08,3,Nozzle-N2,PAUT,18.21,22.0,8.5,82.8,3.79,0,Pass,INS-14,16
V-101-03-15,V-101,2021-06-08,3,Nozzle-N3,RT panoramic,17.87,22.0,8.5,81.2,4.13,1,Pass,INS-12,16
V-101-03-16,V-101,2021-06-08,3,Nozzle-N4,PAUT,18.24,22.0,8.5,82.9,3.76,0,Pass,INS-27,16
V-101-03-17,V-101,2021-06-08,3,Shell-Course-3-TDC,RT panoramic,17.24,22.0,8.5,78.4,4.76,1,Pass,INS-13,16
V-101-03-18,V-101,2021-06-08,3,Shell-Course-3-BDC,PAUT,17.8,22.0,8.5,80.9,4.2,0,Pass,INS-15,16
V-101-03-19,V-101,2021-06-08,3,Weld-Seam-Long,UT grid scan,17.88,22.0,8.5,81.3,4.12,0,Pass,INS-23,16
V-101-03-20,V-101,2021-06-08,3,Weld-Seam-Circ,UT grid scan,18.23,22.0,8.5,82.9,3.77,0,Pass,INS-25,16
E-101-01-01,E-101,2016-09-14,1,Shell-Course-1-TDC,UT grid scan,9.79,12.0,5.0,81.6,2.21,0,Pass,INS-21,11
E-101-01-02,E-101,2016-09-14,1,Shell-Course-1-BDC,PAUT,9.98,12.0,5.0,83.2,2.02,0,Pass,INS-21,11
E-101-01-03,E-101,2016-09-14,1,Shell-Course-1-3OC,PAUT,9.74,12.0,5.0,81.1,2.26,0,Pass,INS-14,11
E-101-01-04,E-101,2016-09-14,1,Shell-Course-1-9OC,PAUT,9.75,12.0,5.0,81.2,2.25,0,Pass,INS-20,11
E-101-01-05,E-101,2016-09-14,1,Shell-Course-2-TDC,UT grid scan,9.91,12.0,5.0,82.5,2.09,0,Pass,INS-25,11
E-101-01-06,E-101,2016-09-14,1,Shell-Course-2-BDC,PAUT,9.47,12.0,5.0,78.9,2.53,0,Pass,INS-22,11
E-101-01-07,E-101,2016-09-14,1,Shell-Course-2-3OC,UT grid scan,9.94,12.0,5.0,82.9,2.06,0,Pass,INS-20,11
E-101-01-08,E-101,2016-09-14,1,Shell-Course-2-9OC,PAUT,9.91,12.0,5.0,82.6,2.09,0,Pass,INS-20,11
E-101-01-09,E-101,2016-09-14,1,Head-North-TDC,UT grid scan,9.98,12.0,5.0,83.2,2.02,0,Pass,INS-27,11
E-101-01-10,E-101,2016-09-14,1,Head-North-BDC,PAUT,10.03,12.0,5.0,83.6,1.97,0,Pass,INS-29,11
E-101-01-11,E-101,2016-09-14,1,Head-South-TDC,PAUT,9.95,12.0,5.0,82.9,2.05,0,Pass,INS-26,11
E-101-01-12,E-101,2016-09-14,1,Head-South-BDC,PAUT,9.76,12.0,5.0,81.3,2.24,0,Pass,INS-14,11
E-101-01-13,E-101,2016-09-14,1,Nozzle-N1,UT grid scan,9.71,12.0,5.0,80.9,2.29,0,Pass,INS-16,11
E-101-01-14,E-101,2016-09-14,1,Nozzle-N2,UT grid scan,9.89,12.0,5.0,82.4,2.11,1,Pass,INS-24,11
E-101-01-15,E-101,2016-09-14,1,Nozzle-N3,PAUT,9.69,12.0,5.0,80.7,2.31,1,Pass,INS-10,11
E-101-01-16,E-101,2016-09-14,1,Nozzle-N4,PAUT,10.26,12.0,5.0,85.5,1.74,0,Pass,INS-20,11
E-101-02-01,E-101,2019-04-22,2,Shell-Course-1-TDC,UT grid scan,9.28,12.0,5.0,77.3,2.72,0,Pass,INS-27,14
E-101-02-02,E-101,2019-04-22,2,Shell-Course-1-BDC,UT grid scan,9.37,12.0,5.0,78.1,2.63,0,Pass,INS-29,14
E-101-02-03,E-101,2019-04-22,2,Shell-Course-1-3OC,RT panoramic,9.15,12.0,5.0,76.2,2.85,1,Pass,INS-14,14
E-101-02-04,E-101,2019-04-22,2,Shell-Course-1-9OC,RT panoramic,9.06,12.0,5.0,75.5,2.94,0,Pass,INS-15,14
E-101-02-05,E-101,2019-04-22,2,Shell-Course-2-TDC,PAUT,9.49,12.0,5.0,79.1,2.51,0,Pass,INS-12,14
E-101-02-06,E-101,2019-04-22,2,Shell-Course-2-BDC,RT panoramic,9.34,12.0,5.0,77.8,2.66,0,Pass,INS-13,14
E-101-02-07,E-101,2019-04-22,2,Shell-Course-2-3OC,PAUT,9.27,12.0,5.0,77.2,2.73,1,Pass,INS-12,14
E-101-02-08,E-101,2019-04-22,2,Shell-Course-2-9OC,RT panoramic,9.48,12.0,5.0,79.0,2.52,1,Pass,INS-18,14
E-101-02-09,E-101,2019-04-22,2,Head-North-TDC,PAUT,9.18,12.0,5.0,76.5,2.82,0,Pass,INS-25,14
E-101-02-10,E-101,2019-04-22,2,Head-North-BDC,PAUT,9.43,12.0,5.0,78.6,2.57,0,Pass,INS-13,14
E-101-02-11,E-101,2019-04-22,2,Head-South-TDC,PAUT,9.41,12.0,5.0,78.4,2.59,0,Pass,INS-10,14
E-101-02-12,E-101,2019-04-22,2,Head-South-BDC,RT panoramic,9.59,12.0,5.0,80.0,2.41,0,Pass,INS-15,14
E-101-02-13,E-101,2019-04-22,2,Nozzle-N1,PAUT,9.38,12.0,5.0,78.2,2.62,0,Pass,INS-23,14
E-101-02-14,E-101,2019-04-22,2,Nozzle-N2,RT panoramic,9.06,12.0,5.0,75.5,2.94,1,Pass,INS-16,14
E-101-02-15,E-101,2019-04-22,2,Nozzle-N3,PAUT,9.03,12.0,5.0,75.3,2.97,0,Pass,INS-24,14
E-101-02-16,E-101,2019-04-22,2,Nozzle-N4,UT grid scan,9.51,12.0,5.0,79.3,2.49,0,Pass,INS-14,14
E-101-02-17,E-101,2019-04-22,2,Shell-Course-3-TDC,RT panoramic,9.2,12.0,5.0,76.7,2.8,0,Pass,INS-20,14
E-101-02-18,E-101,2019-04-22,2,Shell-Course-3-BDC,RT panoramic,9.48,12.0,5.0,79.0,2.52,0,Pass,INS-26,14
E-101-02-19,E-101,2019-04-22,2,Weld-Seam-Long,PAUT,8.99,12.0,5.0,74.9,3.01,0,Pass,INS-19,14
E-101-03-01,E-101,2022-01-17,3,Shell-Course-1-TDC,PAUT,8.37,12.0,5.0,69.8,3.63,0,Pass,INS-12,17
E-101-03-02,E-101,2022-01-17,3,Shell-Course-1-BDC,RT panoramic,8.64,12.0,5.0,72.0,3.36,0,Pass,INS-25,17
E-101-03-03,E-101,2022-01-17,3,Shell-Course-1-3OC,PAUT,8.68,12.0,5.0,72.4,3.32,0,Pass,INS-11,17
E-101-03-04,E-101,2022-01-17,3,Shell-Course-1-9OC,PAUT,8.76,12.0,5.0,73.0,3.24,1,Pass,INS-27,17
E-101-03-05,E-101,2022-01-17,3,Shell-Course-2-TDC,RT panoramic,8.96,12.0,5.0,74.6,3.04,0,Pass,INS-26,17
E-101-03-06,E-101,2022-01-17,3,Shell-Course-2-BDC,UT grid scan,8.87,12.0,5.0,73.9,3.13,0,Pass,INS-19,17
E-101-03-07,E-101,2022-01-17,3,Shell-Course-2-3OC,UT grid scan,8.65,12.0,5.0,72.0,3.35,0,Pass,INS-29,17
E-101-03-08,E-101,2022-01-17,3,Shell-Course-2-9OC,RT panoramic,8.47,12.0,5.0,70.6,3.53,0,Pass,INS-13,17
E-101-03-09,E-101,2022-01-17,3,Head-North-TDC,PAUT,9.02,12.0,5.0,75.2,2.98,0,Pass,INS-19,17
E-101-03-10,E-101,2022-01-17,3,Head-North-BDC,RT panoramic,8.79,12.0,5.0,73.3,3.21,0,Pass,INS-12,17
E-101-03-11,E-101,2022-01-17,3,Head-South-TDC,RT panoramic,9.03,12.0,5.0,75.2,2.97,0,Pass,INS-12,17
E-101-03-12,E-101,2022-01-17,3,Head-South-BDC,UT grid scan,8.44,12.0,5.0,70.3,3.56,0,Pass,INS-26,17
E-101-03-13,E-101,2022-01-17,3,Nozzle-N1,RT panoramic,7.8,12.0,5.0,65.0,4.2,1,Pass,INS-25,17
E-101-03-14,E-101,2022-01-17,3,Nozzle-N2,PAUT,8.94,12.0,5.0,74.5,3.06,0,Pass,INS-12,17
E-101-03-15,E-101,2022-01-17,3,Nozzle-N3,UT grid scan,8.65,12.0,5.0,72.1,3.35,0,Pass,INS-19,17
E-101-03-16,E-101,2022-01-17,3,Nozzle-N4,PAUT,8.78,12.0,5.0,73.1,3.22,0,Pass,INS-21,17
E-101-03-17,E-101,2022-01-17,3,Shell-Course-3-TDC,PAUT,8.95,12.0,5.0,74.6,3.05,0,Pass,INS-20,17
E-101-03-18,E-101,2022-01-17,3,Shell-Course-3-BDC,UT grid scan,8.83,12.0,5.0,73.5,3.17,0,Pass,INS-23,17
E-101-03-19,E-101,2022-01-17,3,Weld-Seam-Long,RT panoramic,8.15,12.0,5.0,68.0,3.85,0,Pass,INS-25,17
E-101-03-20,E-101,2022-01-17,3,Weld-Seam-Circ,RT panoramic,8.69,12.0,5.0,72.4,3.31,0,Pass,INS-25,17
E-101-03-21,E-101,2022-01-17,3,Boot-section,UT grid scan,8.92,12.0,5.0,74.3,3.08,0,Pass,INS-19,17
